source,target
12O4k6m63fngs,marco_ocram10
sledaez67296,marco_ocram10
8p7en3V96h7zz,marco_ocram10
Tuenneetq05g4,marco_ocram10
AbOi26xzozzuPGp,marco_ocram10
V24P2IDDR5o98V,marco_ocram10
2ReaaLMusic,marco_ocram10
WVN4pI81VbHe0n,marco_ocram10
PixelGamingCo,marco_ocram10
PixelGamingCo,SpyralCS
shinsekiyu75250,marco_ocram10
kqEl9L45NJK740N,marco_ocram10
Thorenes49Xj,marco_ocram10
plooopy02,marco_ocram10
Smoudo168235,marco_ocram10
SpyralCS,PixelGamingCo
SpyralCS,marco_ocram10
61CT54Ciroqf6l,marco_ocram10
BronurINqSf,marco_ocram10
shouenmoe37152,marco_ocram10
dylaan_mac,marco_ocram10
H4HcU8UCd1m47,marco_ocram10
kousokabey33941,marco_ocram10
e3L8DlOe110b1tQ,marco_ocram10
ShouthawDjK2ie,marco_ocram10
WhosesaFIS,marco_ocram10
notdylaan,marco_ocram10
notdylaan,dylaan_mac
notdylaan,SpyralCS
komibuchiy56471,marco_ocram10
MHHwqQzc0sns09N,marco_ocram10
dylanishappy,marco_ocram10
dylanishappy,SpyralCS
x8D8332xi0L3q7,marco_ocram10
DrMarianPatel1,marco_ocram10
iD3MaFq5IAFue,marco_ocram10
HIGHTECH555,marco_ocram10
Nearsatheau9Md,marco_ocram10
SlachorethXKk,marco_ocram10
K652Xx3v9K28Ih,marco_ocram10
4019MR1VEf0eETf,marco_ocram10
Sairdrau94BKpi,marco_ocram10
SheelezBHaG16,marco_ocram10
carlosa97852422,12O4k6m63fngs
BPanthadas33974,12O4k6m63fngs
PeterDuffield_,12O4k6m63fngs
Kraveman58,12O4k6m63fngs
profejuanma77,12O4k6m63fngs
PatrickBeal16,12O4k6m63fngs
bestsocercoach,12O4k6m63fngs
Hausercello8975,12O4k6m63fngs
emitchum,12O4k6m63fngs
Avamia_01,12O4k6m63fngs
MPinVegas,12O4k6m63fngs
alvar12926,12O4k6m63fngs
elonxmuskrvv_1,12O4k6m63fngs
trevish380927,12O4k6m63fngs
liveyour_,12O4k6m63fngs
GenoRSmith2,12O4k6m63fngs
MikeMbuguaG,12O4k6m63fngs
GEORGEOUNDO4,12O4k6m63fngs
angelorr78,12O4k6m63fngs
Charlottew61642,12O4k6m63fngs
smithHanna96360,12O4k6m63fngs
gts2218246,12O4k6m63fngs
majozy78,12O4k6m63fngs
ElaineC13066304,12O4k6m63fngs
KhalidM02433887,12O4k6m63fngs
HammedGbolaha18,12O4k6m63fngs
freyt88,12O4k6m63fngs
RadicalTruth44,12O4k6m63fngs
Goldieostandi,12O4k6m63fngs
Nayab____Fatima,12O4k6m63fngs
shmartypantz,12O4k6m63fngs
perlabarca,12O4k6m63fngs
berta5130,sledaez67296
Believe36850497,sledaez67296
Cesar_Poppers13,sledaez67296
sqfox,sledaez67296
muskpr83486,sledaez67296
EKEMBE1,sledaez67296
aryeh_tye,sledaez67296
lide48381,sledaez67296
TWSYF_USA,sledaez67296
dirimarvel,sledaez67296
siphenkosi21,sledaez67296
sheloveselohim,sledaez67296
LittleoneV,sledaez67296
OlaTunde1015,sledaez67296
sexman2227,sledaez67296
ManjyJw11601,sledaez67296
Datagamer375902,sledaez67296
Cesarpop34242,sledaez67296
elenashannon32,sledaez67296
Wesley_LiNing,sledaez67296
naeim57,sledaez67296
CarterCale,sledaez67296
LuisBrito_18,sledaez67296
sophia_william4,sledaez67296
mimamga,sledaez67296
TheLaughMakers,sledaez67296
Brc20_fly666,sledaez67296
frankybearxxx,sledaez67296
Garang52013416,sledaez67296
TaixianYan,sledaez67296
Torontoniankug1,sledaez67296
Snoopy1988__,sledaez67296
Mary71624847789,sledaez67296
GeraldG07240605,sledaez67296
Jimmy5089896727,sledaez67296
season_goo20276,sledaez67296
KimGarden218293,sledaez67296
etkmj14476263,sledaez67296
SilvestreV38875,sledaez67296
terry_barbour,sledaez67296
mindyramon1,sledaez67296
bongho86,8p7en3V96h7zz
360newshubcom,8p7en3V96h7zz
craigmiller1973,8p7en3V96h7zz
Chloe82973408,8p7en3V96h7zz
AnubisPatriotUS,8p7en3V96h7zz
evabimbosissy,8p7en3V96h7zz
tprice010911,8p7en3V96h7zz
gshelton1,8p7en3V96h7zz
rfcha1974,8p7en3V96h7zz
ChristinaandMi3,8p7en3V96h7zz
JakePar04094893,8p7en3V96h7zz
Josegua51156843,8p7en3V96h7zz
WalkInLove_3,8p7en3V96h7zz
Warren_zeiderrs,8p7en3V96h7zz
Nickharddoneby,8p7en3V96h7zz
Gerardhjose27,8p7en3V96h7zz
AyomideBab13824,8p7en3V96h7zz
sae1591478,8p7en3V96h7zz
HuizingJans,Tuenneetq05g4
barbara12662253,Tuenneetq05g4
michaelkyaw2024,Tuenneetq05g4
onlyfans_x_sex_,Tuenneetq05g4
rita__sylvia,Tuenneetq05g4
King650James,Tuenneetq05g4
Susie72553,Tuenneetq05g4
PurtyTwinkle,Tuenneetq05g4
MarkeshiaWashi1,Tuenneetq05g4
ChristaC7772,Tuenneetq05g4
ThawdouoD9UQDI,Tuenneetq05g4
j_carlos1970,Tuenneetq05g4
CarlinaSch42546,Tuenneetq05g4
Leonid46758K,Tuenneetq05g4
anna_freya001,Tuenneetq05g4
macdad79818,Tuenneetq05g4
Ikki1985,Tuenneetq05g4
mikerol124,Tuenneetq05g4
corderoamandam,Tuenneetq05g4
Sherot3ZVHL,Tuenneetq05g4
DukesMama2,Tuenneetq05g4
REDUTAEDILBERT0,Tuenneetq05g4
goddesskatie86,Tuenneetq05g4
Shravaka_Lisa,Tuenneetq05g4
astroinrea1time,AbOi26xzozzuPGp
SusanRo42864098,AbOi26xzozzuPGp
jamesfranco_189,AbOi26xzozzuPGp
nikkilpriest,AbOi26xzozzuPGp
KarenVa22729171,AbOi26xzozzuPGp
Joedestra,AbOi26xzozzuPGp
kanyinsola10,AbOi26xzozzuPGp
DelkReese,AbOi26xzozzuPGp
Boydthegunn,AbOi26xzozzuPGp
Phillyscum562,AbOi26xzozzuPGp
511JO,AbOi26xzozzuPGp
RoseHarlowe,AbOi26xzozzuPGp
Darren_HSX,AbOi26xzozzuPGp
LadawnJenelle,AbOi26xzozzuPGp
Minden_Nap_Alap,AbOi26xzozzuPGp
Nayeon0wO,AbOi26xzozzuPGp
onesabbathtruth,AbOi26xzozzuPGp
ElvisKiloo48591,AbOi26xzozzuPGp
WohlfartW,AbOi26xzozzuPGp
cherieaimee,AbOi26xzozzuPGp
AnaGeena35,AbOi26xzozzuPGp
JackBuda501,AbOi26xzozzuPGp
SirinyaCusack,AbOi26xzozzuPGp
Zph0xZphaux,AbOi26xzozzuPGp
mich985,AbOi26xzozzuPGp
ineedplates,AbOi26xzozzuPGp
ReiDavi0707,AbOi26xzozzuPGp
DreamyLover478,V24P2IDDR5o98V
BrainDeadJoe411,V24P2IDDR5o98V
MRasel89573,V24P2IDDR5o98V
gietz_florence,V24P2IDDR5o98V
WILL02,V24P2IDDR5o98V
SamanthaWi80962,V24P2IDDR5o98V
DarthTigin,V24P2IDDR5o98V
ClovisSant68837,V24P2IDDR5o98V
Simo45873797,V24P2IDDR5o98V
Love9Kobby,V24P2IDDR5o98V
SirCreation,V24P2IDDR5o98V
GerardoIsmaelG4,V24P2IDDR5o98V
luda7112,V24P2IDDR5o98V
AirFreshJay,V24P2IDDR5o98V
fitrunner13,V24P2IDDR5o98V
CKeirnsI,V24P2IDDR5o98V
SalvageMarriage,V24P2IDDR5o98V
HitlerFunakpo,V24P2IDDR5o98V
kaaya_deo,V24P2IDDR5o98V
KingJellyRoll73,V24P2IDDR5o98V
justadumboy,V24P2IDDR5o98V
mesutocal1980,V24P2IDDR5o98V
RaymondMit67959,V24P2IDDR5o98V
real_miley12,V24P2IDDR5o98V
Michael35904483,V24P2IDDR5o98V
SilverKnifeOO1,V24P2IDDR5o98V
MargretMinette,V24P2IDDR5o98V
WreedrarsHJnx7,V24P2IDDR5o98V
FitnessRaul,V24P2IDDR5o98V
veleda_da17680,V24P2IDDR5o98V
Doge_AI16z,V24P2IDDR5o98V
abreltabanah,V24P2IDDR5o98V
tomburns133863,WVN4pI81VbHe0n
NelsonEnryque,WVN4pI81VbHe0n
deborah87haynes,WVN4pI81VbHe0n
DJBrown941,WVN4pI81VbHe0n
PTProf,WVN4pI81VbHe0n
natureboy123451,WVN4pI81VbHe0n
normanmwaniki,WVN4pI81VbHe0n
ErgegGerge5269,WVN4pI81VbHe0n
anguyen46499919,WVN4pI81VbHe0n
JenWest673152,WVN4pI81VbHe0n
MichaelGla39360,WVN4pI81VbHe0n
ClarkFionna,WVN4pI81VbHe0n
Victoryeko1,WVN4pI81VbHe0n
S46614Saint,WVN4pI81VbHe0n
peak_supplement,WVN4pI81VbHe0n
RMFC_KM9,WVN4pI81VbHe0n
ostrymarek,WVN4pI81VbHe0n
axacricketer,WVN4pI81VbHe0n
elwoodblues7491,WVN4pI81VbHe0n
Terrencelove12,WVN4pI81VbHe0n
crowcreekrecon,WVN4pI81VbHe0n
voteblue68,WVN4pI81VbHe0n
oooo_wonderdri,WVN4pI81VbHe0n
1mawejje,WVN4pI81VbHe0n
marquistrillx,PixelGamingCo
marquistrillx,SpyralCS
LawrenceFunyuf3,PixelGamingCo
larissadalibera,PixelGamingCo
amymac416,PixelGamingCo
teefulreme1988,PixelGamingCo
30marinaevour,PixelGamingCo
UMaIR44524796,PixelGamingCo
Christi90557387,shinsekiyu75250
matilda33144,shinsekiyu75250
RyanMorrissey91,shinsekiyu75250
WenKU118,shinsekiyu75250
mikeshome2000,shinsekiyu75250
knucklepuck_jr,shinsekiyu75250
Mola460412,shinsekiyu75250
Majourine_kk,shinsekiyu75250
dancingdoggyday,shinsekiyu75250
Charles07208251,shinsekiyu75250
GemelliJames,shinsekiyu75250
caiowilson,shinsekiyu75250
murfsdata,shinsekiyu75250
Cdunk315,shinsekiyu75250
mayadak12,shinsekiyu75250
ButtPTIofficial,shinsekiyu75250
mayhem38064,shinsekiyu75250
69StarvinMarvin,shinsekiyu75250
jacobjamesmckee,shinsekiyu75250
w1thGodSpeed,shinsekiyu75250
MarieCapez95760,shinsekiyu75250
ppmclmecom1,shinsekiyu75250
ScarlettJo58200,shinsekiyu75250
vincentli523,shinsekiyu75250
WorldTrenNews,shinsekiyu75250
toothferry67,shinsekiyu75250
TimTalk3,shinsekiyu75250
cbarnes_candice,shinsekiyu75250
RickA85876728,shinsekiyu75250
MrsCLWagner1,shinsekiyu75250
RossoRosso30229,shinsekiyu75250
Sanibel47286444,shinsekiyu75250
tpeMO,shinsekiyu75250
CHEfa71,shinsekiyu75250
ShanSha62626840,shinsekiyu75250
DemekeAwoke,shinsekiyu75250
JohnGal28386831,shinsekiyu75250
blueprint1980,shinsekiyu75250
_Strive4Better,shinsekiyu75250
RickeyGrigler3,shinsekiyu75250
HisWord_is_Life,shinsekiyu75250
SandraSa21701,shinsekiyu75250
loverealty4u,shinsekiyu75250
Kdk1162,shinsekiyu75250
RonaldH55901788,shinsekiyu75250
iboomer_otc,kqEl9L45NJK740N
McTaslue5AR,kqEl9L45NJK740N
GUSTAVOZAMBRA14,kqEl9L45NJK740N
NoaTusea,kqEl9L45NJK740N
Brandon81536589,kqEl9L45NJK740N
Deadeye069,kqEl9L45NJK740N
scherer_keith,kqEl9L45NJK740N
LordPatriot007,kqEl9L45NJK740N
RoumieJona72413,kqEl9L45NJK740N
zealkarthi28,kqEl9L45NJK740N
danadolska,kqEl9L45NJK740N
apresmoi4,kqEl9L45NJK740N
FreitasRo82499,kqEl9L45NJK740N
Mafrenchv,kqEl9L45NJK740N
DalynUg,kqEl9L45NJK740N
mario14f_mario,kqEl9L45NJK740N
HugoDoria1994,kqEl9L45NJK740N
CoMomof3,kqEl9L45NJK740N
mariogiampy,kqEl9L45NJK740N
its_rstuddard,kqEl9L45NJK740N
Catherines46928,kqEl9L45NJK740N
JorgeVijar84244,kqEl9L45NJK740N
RoyHalls417495,kqEl9L45NJK740N
NostradThomas,kqEl9L45NJK740N
TreveonDove,kqEl9L45NJK740N
mry2s2,kqEl9L45NJK740N
mzupaso,kqEl9L45NJK740N
Rupa_Patel64443,kqEl9L45NJK740N
sangita1417,kqEl9L45NJK740N
uapuk101,kqEl9L45NJK740N
blada97310,kqEl9L45NJK740N
GregHoover17,kqEl9L45NJK740N
VuPhamHN,Thorenes49Xj
zelihanurs35,Thorenes49Xj
amcharles0,plooopy02
fortenat8,plooopy02
nkstratford,plooopy02
OliverS_1225,plooopy02
jamiekrug,plooopy02
LeonardoCuzz,plooopy02
robopokedad,plooopy02
Geodude_74,plooopy02
mrpoofykins,plooopy02
kingdrec1out,plooopy02
KaceyTCG,plooopy02
EL_AGUITIS,plooopy02
CheesecakeVLRT,plooopy02
firstturndonk,plooopy02
AlexHamilton188,plooopy02
mapachief,plooopy02
MaliqBBPTCG,plooopy02
HollerTCG,plooopy02
Oupas327,plooopy02
ShursiezN3mPx,plooopy02
AtiumShadow,plooopy02
Diego_Alleyne,plooopy02
JohnWanggaard,plooopy02
nancypelosilovr,plooopy02
Nickeylove3333,plooopy02
StarshineSimon,plooopy02
13terrain,plooopy02
curseplatt4,plooopy02
PokeDuelsTikTok,plooopy02
Flynoid,plooopy02
NickPTCG,plooopy02
codytzimm,plooopy02
shaunaaa_bro,plooopy02
AllanXu75,plooopy02
CallieMooreTCG,plooopy02
pmplays1089,plooopy02
ayliemma1,plooopy02
AlexanderWolfs7,plooopy02
whicker27,plooopy02
RNTT88,plooopy02
sawyerhatemail,plooopy02
Taresaw9W4,plooopy02
Simphuny,plooopy02
wcskansensitai,plooopy02
DerrickSchwarz,plooopy02
OrchidKingTCG,plooopy02
Greice521,Smoudo168235
tubersprig,Smoudo168235
badasswhetstone,Smoudo168235
bgm_music_sleep,Smoudo168235
candace_veach,Smoudo168235
Andrewkaundo,Smoudo168235
mandahtur,Smoudo168235
umarhy1,Smoudo168235
niyiblessing,Smoudo168235
amanda48097,Smoudo168235
asquarre,Smoudo168235
mc_i793892,Smoudo168235
JenniferWa80288,Smoudo168235
BPhakami,Smoudo168235
DoctorLuckyChap,Smoudo168235
dls_gerocns,Smoudo168235
RealLynnAllen,Smoudo168235
JohnnyRunner22,Smoudo168235
christmaschild1,Smoudo168235
Janes_Silvabr,Smoudo168235
achabul,Smoudo168235
FullMoonWhisper,Smoudo168235
JFFBRK2000,Smoudo168235
aid_imran83441,Smoudo168235
UmkGM,Smoudo168235
Michaelrbu001,Smoudo168235
pblly,Smoudo168235
acme_subrosea,Smoudo168235
XXGUTHEALTH,Smoudo168235
selfpaidgeneral,Smoudo168235
Ra_biiiT,Smoudo168235
bawbee1991,Smoudo168235
Theauez4Rj,Smoudo168235
newdetoxorigem,Smoudo168235
Adekanbiemmanu8,Smoudo168235
Simbatel,Smoudo168235
Chris_Nogawist,Smoudo168235
CreekTruths,Smoudo168235
adeolu56991,Smoudo168235
limebetua,Smoudo168235
BowmanDwan,Smoudo168235
ttark09,Smoudo168235
DosierJohn2480,Smoudo168235
Mademoisellexlx,Smoudo168235
robin_robison66,Smoudo168235
RicchKash,SpyralCS
43543yuyu,SpyralCS
mystic_st,SpyralCS
_kevinthomas19,SpyralCS
Cpl_Whalerus,SpyralCS
dolorbeattie,SpyralCS
PluxonYT,SpyralCS
nylesgoodwin0,SpyralCS
TehSMSN,SpyralCS
dylaancool,SpyralCS
TheRealLiIpump,SpyralCS
fook_yaw,SpyralCS
VividBlurr,SpyralCS
ativanov2000,SpyralCS
nathanbillings_,SpyralCS
vjcypher3,SpyralCS
W_T_F_Brian,SpyralCS
tm_schwrz,SpyralCS
quinnbrendan322,SpyralCS
LoganPauItwitch,SpyralCS
MisaeBCN,SpyralCS
CrouseAbbey,SpyralCS
VividRavenCSGO,SpyralCS
FaRnux,SpyralCS
vtnben1,SpyralCS
My_Nan_Nacs,SpyralCS
Owennpalmer,SpyralCS
Zookuzero,SpyralCS
TailgateTime_ve,SpyralCS
jiqzuh,SpyralCS
eliasedits,SpyralCS
ItzzBasic,SpyralCS
lilcodeine22,SpyralCS
Patcowie44,SpyralCS
Akarisen_,SpyralCS
Moanified,SpyralCS
marco_ocram10,SpyralCS
Delta7_,SpyralCS
Cpl_Whalrus,SpyralCS
krishthkkr,SpyralCS
RedHayxs,SpyralCS
jack_kaempffe,SpyralCS
yzubpd3767,SpyralCS
candiceIoner,SpyralCS
ZexseTv,SpyralCS
odies01,61CT54Ciroqf6l
massanojr,61CT54Ciroqf6l
LoooserCZ,61CT54Ciroqf6l
DaveMarcy7,61CT54Ciroqf6l
krise5421,61CT54Ciroqf6l
realmikeharvey,61CT54Ciroqf6l
faxy215,61CT54Ciroqf6l
Twilite_7,61CT54Ciroqf6l
HutchinsonC001,61CT54Ciroqf6l
rlbrooks89,61CT54Ciroqf6l
rippertheclown,61CT54Ciroqf6l
matthew__sigel,61CT54Ciroqf6l
BayramSnbl29988,61CT54Ciroqf6l
mrb20012001,61CT54Ciroqf6l
2b295Ha3aZwa2,61CT54Ciroqf6l
chxrryadv,61CT54Ciroqf6l
GbenleOlamide,61CT54Ciroqf6l
rahimpbt,61CT54Ciroqf6l
LegacyontheLake,61CT54Ciroqf6l
William91498357,61CT54Ciroqf6l
DevonNfts,61CT54Ciroqf6l
OrchmanV,61CT54Ciroqf6l
farmer_dev94178,61CT54Ciroqf6l
Peter_kabisa,61CT54Ciroqf6l
lucky69493,61CT54Ciroqf6l
Takudzwa_dean5,61CT54Ciroqf6l
McRerare4rb7,61CT54Ciroqf6l
PhilipShafna,61CT54Ciroqf6l
maxponce123,61CT54Ciroqf6l
drealdeal08,BronurINqSf
calstar1999,BronurINqSf
cabrinimh231,BronurINqSf
skcally,BronurINqSf
mantisbr,BronurINqSf
VictoriaTa30841,BronurINqSf
eppard_bru63325,BronurINqSf
jimphil34312515,BronurINqSf
Arielle_myles88,BronurINqSf
Vahidor12,BronurINqSf
UDAYSHA83544995,BronurINqSf
PeterNieland1,BronurINqSf
CapshawCor24760,BronurINqSf
redwhitebluegia,BronurINqSf
elginet,BronurINqSf
imcameronscrub,BronurINqSf
TommyEngineer,BronurINqSf
TetitoudJA25,BronurINqSf
sk_ryan19,shouenmoe37152
drip_grande,shouenmoe37152
1kingSupaa,shouenmoe37152
nueso44005,shouenmoe37152
lisawilkinsons,shouenmoe37152
najaf20118,shouenmoe37152
SharifullahWak1,shouenmoe37152
Stephaniem59381,shouenmoe37152
rony65155997,shouenmoe37152
meccen,shouenmoe37152
teachalabama,shouenmoe37152
ABSUNNERY,shouenmoe37152
KileighVis41502,shouenmoe37152
MMochechela,shouenmoe37152
vilain76580279,shouenmoe37152
WRB007,shouenmoe37152
lovelyjay179,shouenmoe37152
SportsDataQ,shouenmoe37152
TickTocksc,shouenmoe37152
badoo2310,shouenmoe37152
ruka87105,shouenmoe37152
MyLabMatters,shouenmoe37152
PatrishaSmith4,shouenmoe37152
JuanJRoca,shouenmoe37152
qixi511,shouenmoe37152
SHOAIBJAMAL9866,shouenmoe37152
UnSaltoNelBlu,shouenmoe37152
sta36864681,shouenmoe37152
RoseLana297704,shouenmoe37152
WojciechKonopl2,shouenmoe37152
Virgo9389,shouenmoe37152
gl_sister,shouenmoe37152
KRASHSPAZZOUT,shouenmoe37152
tommrowstheday,shouenmoe37152
GusMcCraeTX,shouenmoe37152
j6s9ph,shouenmoe37152
Bassboi03,dylaan_mac
stayearthnoided,dylaan_mac
bloodborneluvr,dylaan_mac
fatyoshiboobs,dylaan_mac
finnluvsbones,dylaan_mac
BigFilthyDad,dylaan_mac
dxxiie,dylaan_mac
theyarenapalm,dylaan_mac
lsabel222,dylaan_mac
KawaiilieGaming,dylaan_mac
heavydirtysage,dylaan_mac
damnassrrock,dylaan_mac
maerinara_sauce,dylaan_mac
meowwilovecats,dylaan_mac
AndreaJ99950937,dylaan_mac
Michele37737197,dylaan_mac
ReichTrevo5418,dylaan_mac
CrystalSha11063,dylaan_mac
AshleyDiaz9077,dylaan_mac
darcaton,H4HcU8UCd1m47
3i3Ap,H4HcU8UCd1m47
fulca5g,H4HcU8UCd1m47
vianeics,H4HcU8UCd1m47
ATIQ95124142,H4HcU8UCd1m47
MukataSavimbi,H4HcU8UCd1m47
Joeakuamia,H4HcU8UCd1m47
NickieRowe7,H4HcU8UCd1m47
EDRforHome,H4HcU8UCd1m47
weizhentang,H4HcU8UCd1m47
lucasmbiondo,H4HcU8UCd1m47
buckner_randi,H4HcU8UCd1m47
RageSlayer,H4HcU8UCd1m47
Gotigersports,H4HcU8UCd1m47
PromiseLand2935,kousokabey33941
Rshipal21,kousokabey33941
carotreff,kousokabey33941
SwausheaTdqeVC,kousokabey33941
machariasam018,kousokabey33941
isaacblevins3rd,kousokabey33941
StevenScheirer,kousokabey33941
flogeyes1,kousokabey33941
lussuria23,kousokabey33941
job_nila,kousokabey33941
fabianelias_,kousokabey33941
Aminex07,kousokabey33941
raulo2487538,kousokabey33941
Fatihay85982778,kousokabey33941
dutchy_yvonne,kousokabey33941
Tshepomoon1,kousokabey33941
ta24579,kousokabey33941
bova666974951,kousokabey33941
Benita77269,kousokabey33941
BlizzPeverus,kousokabey33941
tyizuka,kousokabey33941
machiavellicek,kousokabey33941
Markste71612851,kousokabey33941
IchiRuto50,kousokabey33941
the_explorerxx,kousokabey33941
RonaldoTellesC1,kousokabey33941
bacchuscleric,kousokabey33941
arlobpa,kousokabey33941
Stillme54,e3L8DlOe110b1tQ
kimiko724615840,e3L8DlOe110b1tQ
RightCarNow,e3L8DlOe110b1tQ
UsmanIbrahimS14,e3L8DlOe110b1tQ
olek_super,e3L8DlOe110b1tQ
THEONLYBADBOY99,e3L8DlOe110b1tQ
liberalesSG,e3L8DlOe110b1tQ
peterfiglia,e3L8DlOe110b1tQ
BenMcPherson,e3L8DlOe110b1tQ
MargaretScotla5,e3L8DlOe110b1tQ
revdralanspanek,e3L8DlOe110b1tQ
MarionFouquet6,e3L8DlOe110b1tQ
MuscularRebel,e3L8DlOe110b1tQ
TrumpDefiNews,e3L8DlOe110b1tQ
RonamoDolla,e3L8DlOe110b1tQ
luckyvnayhickok,e3L8DlOe110b1tQ
TheBankruptCTM,e3L8DlOe110b1tQ
sjmaher1,e3L8DlOe110b1tQ
Richard_Bryce1,e3L8DlOe110b1tQ
thehawk1619,e3L8DlOe110b1tQ
GendralMudirman,e3L8DlOe110b1tQ
Jace30987,e3L8DlOe110b1tQ
leonor_camara,e3L8DlOe110b1tQ
SnakePiliskin,e3L8DlOe110b1tQ
FacuResler,ShouthawDjK2ie
SherriF86168,ShouthawDjK2ie
yagocruise,ShouthawDjK2ie
edrine55209948,ShouthawDjK2ie
eliot_brady,ShouthawDjK2ie
sogsouths05,ShouthawDjK2ie
alihusy,ShouthawDjK2ie
sylvia_kemp1,ShouthawDjK2ie
RSlinsky56093,ShouthawDjK2ie
MichelleMccoy02,ShouthawDjK2ie
j_modulator,ShouthawDjK2ie
PanchitoTaller,ShouthawDjK2ie
Ella41673Lima,ShouthawDjK2ie
conichiara99,ShouthawDjK2ie
xiao_jin88917,WhosesaFIS
Sus983,WhosesaFIS
miner89er,WhosesaFIS
betocastrobr,WhosesaFIS
NeysaHolmes,WhosesaFIS
kurumi320850352,WhosesaFIS
xia_chi28474,WhosesaFIS
aguchin68,WhosesaFIS
RRiley102riley,WhosesaFIS
zi_qing52407,WhosesaFIS
yui233993989090,WhosesaFIS
MikeBarton,WhosesaFIS
haruka1490439,WhosesaFIS
james_stance,WhosesaFIS
nyan134780,WhosesaFIS
koyama_li19185,WhosesaFIS
zbfQ4Kg0Zq77617,WhosesaFIS
GarrisonMi87259,WhosesaFIS
Whiplash436,WhosesaFIS
azusa9195798629,WhosesaFIS
haruka1421938,WhosesaFIS
cmb6187,WhosesaFIS
yo0096184070393,WhosesaFIS
eemrahkyk,Nearsatheau9Md
JohnReedy1959,Nearsatheau9Md
D5l9s7n21h7381,Nearsatheau9Md
Dom_sarah0,Nearsatheau9Md
SmeydioVLEuHdB,Nearsatheau9Md
alwaprimo,Nearsatheau9Md
thomas_lyn49,Nearsatheau9Md
clumsycumslut_,Nearsatheau9Md
2ruthSerum,Nearsatheau9Md
paltosba,Nearsatheau9Md
CorgiLuwak,Nearsatheau9Md
driiisdev,Nearsatheau9Md
dsjursen,Nearsatheau9Md
JudySmi48249666,Nearsatheau9Md
nacunaima,Nearsatheau9Md
nemoskii_,Nearsatheau9Md
AJAY_01019,Nearsatheau9Md
_BAFA007,Nearsatheau9Md
FictionsPolite,Nearsatheau9Md
godiver090,Nearsatheau9Md
Reabangbang,Nearsatheau9Md
Sosidaws8WzbAq,Nearsatheau9Md
riki_kiteng,Nearsatheau9Md
IKouskova,Nearsatheau9Md
NukaLuka777,Nearsatheau9Md
ados_ados420,Nearsatheau9Md
scimasn7,K652Xx3v9K28Ih
violinist221,K652Xx3v9K28Ih
zzzccc416666,K652Xx3v9K28Ih
GuysLiveNow,K652Xx3v9K28Ih
MSaadZeb,K652Xx3v9K28Ih
Cheetoes25,K652Xx3v9K28Ih
carmadesantis,K652Xx3v9K28Ih
AsrarAhmed1230,K652Xx3v9K28Ih
EwardLevi,K652Xx3v9K28Ih
forsman10,K652Xx3v9K28Ih
Olorunsanuabid1,K652Xx3v9K28Ih
Ronaldo48111313,K652Xx3v9K28Ih
ducnguyen0131,K652Xx3v9K28Ih
Teshesez3ye,K652Xx3v9K28Ih
William20980051,K652Xx3v9K28Ih
Hel155159Helen,K652Xx3v9K28Ih
katsura81633673,K652Xx3v9K28Ih
THCNoiD,K652Xx3v9K28Ih
Siya_Mkhize02,K652Xx3v9K28Ih
Mardee_Jessop,K652Xx3v9K28Ih
iVibxZ,K652Xx3v9K28Ih
Ax23Vu,K652Xx3v9K28Ih
DM2Promo,K652Xx3v9K28Ih
RacheldHol74448,K652Xx3v9K28Ih
MpotiMatse47176,K652Xx3v9K28Ih
vegathebest,K652Xx3v9K28Ih
nelson1971,K652Xx3v9K28Ih
TerrenceCCheek,K652Xx3v9K28Ih
Big_Plane_Fan,K652Xx3v9K28Ih
boustaniy,K652Xx3v9K28Ih
mroctober22nd,K652Xx3v9K28Ih
MyCamHut,K652Xx3v9K28Ih
AJ1993T,K652Xx3v9K28Ih
andrews3866,K652Xx3v9K28Ih
jdivan,K652Xx3v9K28Ih
a59xfj95elqdl,4019MR1VEf0eETf
DaniellaLa9068,4019MR1VEf0eETf
getoffmylawntp,4019MR1VEf0eETf
sanbor_khonglam,4019MR1VEf0eETf
veronicabaty,4019MR1VEf0eETf
moonpie818,4019MR1VEf0eETf
mustafa58762233,4019MR1VEf0eETf
OgarSunday16533,4019MR1VEf0eETf
fakennews6666,4019MR1VEf0eETf
KeenVisionFocus,4019MR1VEf0eETf
georgemacleank,4019MR1VEf0eETf
JonyTorres3,4019MR1VEf0eETf
RealAndreKhonx,4019MR1VEf0eETf
rashidch51214,4019MR1VEf0eETf
wanted_man009,SheelezBHaG16
Veday_ay,SheelezBHaG16
MuhirePlac10488,SheelezBHaG16
RestartMidlife,SheelezBHaG16
BourkeJame78853,SheelezBHaG16
BijlaniSarah,SheelezBHaG16
OmaimaiG,SheelezBHaG16
fostergbologah,SheelezBHaG16
xmyb1dyy,SheelezBHaG16
earnest132,SheelezBHaG16
robbieguyguy,SheelezBHaG16
GaniyuBisiriyu1,SheelezBHaG16
ChandnaJay8365,SheelezBHaG16
ichiegburie,SheelezBHaG16
Sotururtauuu,SheelezBHaG16
Enniola268582,SheelezBHaG16
MamtaGurun33206,SheelezBHaG16
Ogbsolash,SheelezBHaG16
MibrahimOr73810,SheelezBHaG16
VanDavis15,SheelezBHaG16
Sapphireshegz,SheelezBHaG16
mxd99,SheelezBHaG16
JuanSan78421442,SheelezBHaG16
oi_bang82291,SheelezBHaG16
FlynnGoodie,SheelezBHaG16
ADEBISI51610994,SheelezBHaG16
yusufsarca20,SheelezBHaG16
ValenciaVa35907,SheelezBHaG16
RemainwithmeGod,SheelezBHaG16
Jane65769222287,SheelezBHaG16
Bibire11762061,SheelezBHaG16
princek78168356,SheelezBHaG16
RoteighPj91IE0,SheelezBHaG16
KamegeriM,SheelezBHaG16
RLabel0933457,SheelezBHaG16
juannisu,SheelezBHaG16
LumiPhoenixCoin,SheelezBHaG16
katerkumaga4,SheelezBHaG16
beetheelite,SheelezBHaG16
Justpam27,SheelezBHaG16
ObjIsaac,SheelezBHaG16
bened_btc,SheelezBHaG16
Janirabbit,SheelezBHaG16
mdkhna910_n,SheelezBHaG16
wariboma,SheelezBHaG16
MysteryHarpMan,SheelezBHaG16
Vicioso_Ojeroso,SheelezBHaG16
